RollNo,Aggregate,Backlogs,10th_agg,12th_agg,Workshops,Languages,Target
1000000,78.0,0,85.3,77.4,0,1,Placed
1000001,75.8,0,80.9,78.2,0,1,Placed
1000002,51.3,0,56.5,54.2,0,1,Not Placed
1000003,63.1,1,83.9,70.1,0,2,Not Placed
1000004,64.8,0,71.3,64.7,1,1,Not Placed
1000005,70.1,0,71.7,80.5,1,1,Placed
1000006,80.9,1,89.7,80.8,0,3,Placed
1000007,53.0,0,55.3,58.7,2,1,Not Placed
1000008,63.9,1,74.9,71.8,1,2,Placed
1000009,82.7,0,83.1,93.2,0,1,Placed
1000010,81.8,0,96.5,81.6,1,2,Placed
1000011,71.1,0,96.0,71.5,0,1,Placed
1000012,73.0,0,79.5,82.6,0,1,Not Placed
1000013,72.2,1,79.2,75.1,0,4,Not Placed
1000014,83.0,0,92.6,94.8,3,1,Placed
1000015,74.1,1,88.5,77.6,2,1,Not Placed
1000016,55.0,1,60.9,62.3,0,1,Not Placed
1000017,70.0,0,77.9,66.6,0,1,Placed
1000018,72.7,1,93.0,80.1,0,1,Not Placed
1000019,68.9,0,80.7,68.1,2,1,Not Placed
1000020,88.8,0,89.8,89.4,2,1,Placed
1000021,72.9,1,89.5,82.3,0,1,Placed
1000022,59.3,0,69.6,67.4,0,1,Not Placed
1000023,70.1,0,76.3,77.8,1,3,Placed
1000024,52.7,1,61.6,50.5,0,2,Not Placed
1000025,86.3,0,97.4,97.4,0,1,Placed
1000026,75.5,1,79.9,81.4,1,2,Placed
1000027,57.4,0,61.6,56.7,2,2,Not Placed
1000028,81.9,1,98.0,80.0,0,5,Placed
1000029,62.7,0,76.8,70.4,1,2,Not Placed
1000030,79.5,0,83.2,84.7,0,4,Not Placed
1000031,70.4,0,77.7,79.1,5,4,Not Placed
1000032,84.5,0,90.8,90.6,4,2,Placed
1000033,57.1,1,65.3,56.3,3,2,Not Placed
1000034,60.5,0,75.4,68.1,3,3,Not Placed
1000035,78.2,0,92.8,88.1,2,3,Placed
1000036,62.7,0,69.5,67.5,1,1,Not Placed
1000037,65.6,1,69.1,68.9,1,2,Placed
1000038,63.2,1,72.3,80.2,1,2,Not Placed
1000039,94.1,0,98.0,96.0,0,1,Placed
1000040,78.1,0,90.4,81.4,0,1,Placed
1000041,68.2,0,78.1,81.4,1,1,Placed
1000042,87.2,1,91.7,91.0,0,1,Placed
1000043,94.5,1,92.5,93.0,1,2,Placed
1000044,89.3,0,90.1,96.3,0,1,Placed
1000045,82.9,1,94.2,88.5,1,1,Placed
1000046,97.6,0,95.8,98.0,3,1,Placed
1000047,70.7,1,76.3,76.7,0,3,Placed
1000048,64.9,1,77.2,74.7,3,2,Not Placed
1000049,89.4,0,98.0,90.9,2,5,Placed
1000050,87.3,0,92.4,98.0,2,1,Placed
1000051,66.7,0,72.1,76.5,3,1,Placed
1000052,75.9,0,83.2,90.5,0,1,Placed
1000053,84.8,0,96.6,93.1,2,1,Placed
1000054,72.9,0,77.5,76.4,0,1,Not Placed
1000055,81.6,0,87.5,87.7,2,2,Placed
1000056,54.6,0,55.6,56.3,0,2,Not Placed
1000057,88.3,0,94.8,93.3,0,1,Placed
1000058,75.9,0,79.7,83.3,0,1,Placed
1000059,73.1,1,81.4,83.0,5,1,Not Placed
1000060,72.3,0,82.8,75.1,1,2,Not Placed
1000061,94.3,1,98.0,98.0,1,1,Placed
1000062,46.5,0,51.9,50.0,2,2,Not Placed
1000063,76.3,0,88.1,88.7,0,4,Placed
1000064,86.2,0,91.8,92.6,0,5,Placed
1000065,58.8,0,54.6,59.3,0,1,Not Placed
1000066,72.1,0,80.3,75.5,0,4,Placed
1000067,52.8,1,66.1,65.5,0,1,Not Placed
1000068,90.6,0,98.0,96.5,1,3,Placed
1000069,85.8,1,98.0,95.2,0,1,Placed
1000070,84.7,0,83.9,94.1,0,1,Placed
1000071,70.4,0,83.3,77.0,4,1,Not Placed
1000072,51.6,0,59.3,56.5,0,2,Not Placed
1000073,76.8,1,79.3,84.3,0,3,Placed
1000074,60.2,1,70.7,61.1,0,1,Not Placed
1000075,65.3,1,73.6,58.9,1,1,Not Placed
1000076,63.6,0,72.7,72.9,2,1,Not Placed
1000077,64.6,0,84.4,68.0,0,1,Not Placed
1000078,78.9,0,88.5,79.1,0,1,Placed
1000079,73.0,0,80.0,77.7,0,1,Placed
1000080,92.2,0,98.0,92.9,1,2,Placed
1000081,72.0,0,78.0,73.6,0,2,Placed
1000082,55.2,1,66.0,57.9,0,1,Not Placed
1000083,64.5,1,60.0,72.9,5,1,Not Placed
1000084,65.1,1,76.9,72.7,1,2,Not Placed
1000085,74.5,0,79.7,74.5,0,1,Placed
1000086,75.1,0,78.6,74.4,0,1,Placed
1000087,75.2,0,80.2,84.0,1,2,Placed
1000088,45.0,0,50.0,50.8,0,1,Not Placed
1000089,73.1,0,80.5,78.6,2,1,Placed
1000090,76.7,0,82.6,70.7,3,1,Placed
1000091,76.3,0,80.9,70.2,0,2,Placed
1000092,75.9,0,82.8,85.4,1,1,Placed
1000093,73.1,0,76.8,76.1,2,2,Placed
1000094,74.2,1,83.4,73.7,2,1,Not Placed
1000095,62.2,0,68.5,71.3,2,1,Not Placed
1000096,68.8,0,71.9,71.6,1,2,Not Placed
1000097,65.4,0,65.2,71.8,0,1,Not Placed
1000098,50.7,0,66.1,56.6,1,1,Not Placed
1000099,98.0,0,98.0,98.0,3,2,Placed
1000100,94.6,0,98.0,98.0,3,1,Placed
1000101,73.2,0,93.9,80.8,0,1,Placed
1000102,59.9,0,59.6,63.7,0,2,Not Placed
1000103,79.5,1,81.9,83.8,0,1,Placed
1000104,69.2,0,80.7,69.1,4,1,Placed
1000105,78.2,1,86.2,84.0,1,1,Placed
1000106,74.4,1,81.7,92.2,0,2,Not Placed
1000107,58.7,0,56.3,57.5,1,1,Not Placed
1000108,55.1,0,59.2,58.3,0,2,Not Placed
1000109,71.2,1,75.6,72.5,1,1,Placed
1000110,65.7,0,76.2,69.0,0,2,Not Placed
1000111,69.2,0,85.5,69.2,0,1,Not Placed
1000112,75.9,0,77.7,74.7,0,2,Placed
1000113,62.2,0,76.4,56.4,0,1,Not Placed
1000114,65.5,0,75.5,75.3,2,1,Placed
1000115,71.6,0,90.4,80.0,0,1,Not Placed
1000116,72.2,1,82.0,69.1,1,2,Not Placed
1000117,78.6,1,94.7,91.5,1,1,Placed
1000118,49.9,0,51.5,53.2,1,1,Not Placed
1000119,74.4,0,89.1,75.0,0,2,Placed
1000120,77.9,0,86.8,86.0,0,1,Placed
1000121,53.8,0,60.0,60.0,0,2,Not Placed
1000122,64.5,1,81.5,72.0,1,1,Not Placed
1000123,78.4,0,79.8,82.3,1,3,Placed
1000124,78.7,0,92.1,81.4,1,1,Not Placed
1000125,79.6,0,91.7,85.3,0,2,Placed
1000126,71.5,0,82.9,74.2,2,1,Placed
1000127,82.6,1,85.4,94.0,1,1,Placed
1000128,89.4,0,98.0,98.0,1,1,Placed
1000129,75.4,0,87.0,80.6,2,5,Placed
1000130,65.8,0,80.8,75.4,5,2,Placed
1000131,75.8,0,79.4,84.7,0,1,Placed
1000132,60.0,1,64.1,55.3,1,1,Not Placed
1000133,57.5,0,64.7,58.4,3,4,Not Placed
1000134,86.0,0,98.0,87.8,0,1,Placed
1000135,65.6,0,80.7,67.8,1,1,Not Placed
1000136,63.5,0,68.0,76.3,0,3,Not Placed
1000137,93.6,1,98.0,98.0,1,1,Placed
1000138,51.0,0,52.7,55.9,0,1,Not Placed
1000139,93.5,1,98.0,98.0,0,2,Placed
1000140,87.9,0,90.2,95.8,2,2,Placed
1000141,67.7,0,79.8,75.2,1,2,Not Placed
1000142,64.2,0,74.6,68.4,0,2,Not Placed
1000143,73.8,0,81.9,85.2,0,1,Placed
1000144,72.3,0,80.7,80.5,2,1,Placed
1000145,98.0,0,98.0,98.0,1,4,Placed
1000146,74.1,1,84.1,84.5,0,2,Not Placed
1000147,59.7,0,64.9,66.6,2,1,Placed
1000148,70.4,0,68.3,72.7,0,5,Placed
1000149,94.6,0,98.0,97.1,1,1,Placed
1000150,85.5,0,98.0,93.7,0,2,Placed
1000151,70.8,0,78.6,77.0,3,1,Placed
1000152,72.9,0,79.7,77.5,5,1,Not Placed
1000153,85.4,0,96.3,92.6,2,2,Placed
1000154,87.0,0,97.4,88.6,0,1,Placed
1000155,93.6,0,98.0,95.3,0,1,Placed
1000156,69.9,0,74.5,67.0,1,3,Not Placed
1000157,81.1,1,84.3,85.9,0,5,Placed
1000158,98.0,0,98.0,98.0,0,1,Placed
1000159,72.3,0,75.3,75.9,1,2,Placed
1000160,66.1,1,71.9,78.1,0,4,Placed
1000161,83.1,0,94.6,90.1,1,2,Placed
1000162,73.4,0,86.1,88.8,1,2,Placed
1000163,63.7,1,68.5,66.3,3,1,Not Placed
1000164,59.6,0,65.0,64.5,1,2,Not Placed
1000165,97.7,0,98.0,98.0,0,2,Placed
1000166,85.1,0,92.5,87.7,0,1,Not Placed
1000167,90.9,1,98.0,98.0,0,2,Placed
1000168,52.4,0,57.5,64.8,1,1,Not Placed
1000169,88.6,0,93.8,90.2,5,1,Placed
1000170,52.2,0,59.9,61.1,0,2,Not Placed
1000171,45.0,0,50.0,55.8,2,1,Not Placed
1000172,53.3,1,60.0,58.7,0,3,Not Placed
1000173,56.6,1,72.1,65.9,0,1,Placed
1000174,82.2,0,96.3,89.1,1,3,Placed
1000175,77.2,1,84.8,82.0,1,4,Placed
1000176,70.4,0,73.3,75.8,0,1,Not Placed
1000177,48.0,0,60.6,54.8,0,1,Not Placed
1000178,61.5,1,71.6,72.1,0,2,Not Placed
1000179,59.5,1,64.4,74.1,3,1,Not Placed
1000180,71.6,0,89.6,77.6,0,4,Placed
1000181,84.6,0,95.8,83.9,0,2,Placed
1000182,84.1,0,90.8,97.1,3,1,Placed
1000183,77.4,0,88.4,85.9,2,1,Placed
1000184,73.4,1,76.3,73.0,0,2,Not Placed
1000185,54.7,0,59.5,53.1,0,1,Not Placed
1000186,85.1,0,98.0,95.0,1,1,Placed
1000187,68.1,0,69.2,64.9,1,1,Not Placed
1000188,80.2,0,91.0,89.0,0,4,Placed
1000189,75.4,0,79.6,79.0,0,1,Placed
1000190,83.7,0,88.6,93.2,1,1,Placed
1000191,53.2,1,63.9,53.3,0,1,Not Placed
1000192,73.9,0,77.2,78.8,2,1,Placed
1000193,78.6,0,87.2,86.3,2,3,Placed
1000194,78.0,0,79.5,76.8,2,1,Placed
1000195,63.7,0,68.3,70.1,1,1,Not Placed
1000196,78.3,0,82.6,82.4,0,2,Placed
1000197,70.4,0,75.7,68.6,1,1,Not Placed
1000198,77.0,0,81.1,90.4,1,5,Placed
1000199,65.4,1,76.2,78.5,0,1,Placed
1000200,58.8,0,63.2,64.0,0,2,Not Placed
1000201,62.8,0,72.4,71.9,1,1,Not Placed
1000202,80.3,0,98.0,81.8,1,4,Placed
1000203,71.3,0,80.2,69.3,0,1,Not Placed
1000204,87.8,0,89.7,87.3,5,4,Placed
1000205,68.2,0,87.8,75.2,0,2,Placed
1000206,78.0,0,89.0,79.1,0,4,Placed
1000207,56.0,0,58.5,50.3,1,1,Not Placed
1000208,75.0,0,83.0,80.4,0,3,Placed
1000209,70.8,0,75.5,80.8,0,1,Placed
1000210,59.6,0,74.1,70.0,0,3,Not Placed
1000211,77.7,0,92.6,85.5,0,1,Placed
1000212,67.5,1,70.6,72.8,5,1,Not Placed
1000213,78.4,0,81.7,82.6,1,1,Placed
1000214,60.4,1,70.5,64.3,0,5,Placed
1000215,89.9,0,94.8,93.4,1,1,Placed
1000216,53.6,0,66.2,50.0,0,3,Not Placed
1000217,83.2,1,85.4,79.2,2,2,Placed
1000218,71.6,0,78.8,73.9,1,1,Placed
1000219,76.7,1,84.6,84.6,0,1,Placed
1000220,57.7,0,65.5,61.8,0,1,Not Placed
1000221,92.5,0,97.2,98.0,1,1,Placed
1000222,70.9,0,83.5,79.7,1,2,Placed
1000223,75.6,0,85.9,77.2,1,2,Placed
1000224,74.8,1,80.6,73.1,0,2,Not Placed
1000225,60.3,1,74.3,68.9,0,1,Placed
1000226,79.3,0,93.8,82.7,1,2,Placed
1000227,69.0,0,73.8,78.6,5,2,Not Placed
1000228,80.9,0,91.9,84.1,3,1,Placed
1000229,61.9,0,80.2,61.4,4,1,Placed
1000230,74.5,0,81.7,83.8,2,3,Not Placed
1000231,65.0,0,71.8,78.0,2,2,Not Placed
1000232,59.5,0,70.0,66.5,2,1,Not Placed
1000233,64.2,0,73.7,77.7,1,1,Not Placed
1000234,93.7,0,98.0,98.0,0,1,Placed
1000235,80.1,1,87.0,80.8,2,1,Placed
1000236,80.6,1,95.9,91.6,1,1,Placed
1000237,64.7,1,68.8,72.9,4,1,Not Placed
1000238,66.5,0,70.4,80.2,3,2,Placed
1000239,67.2,0,67.6,78.5,2,1,Not Placed
1000240,98.0,1,98.0,98.0,1,2,Placed
1000241,96.1,0,98.0,98.0,1,1,Placed
1000242,85.4,0,90.1,90.8,0,1,Placed
1000243,89.7,0,97.3,94.1,1,2,Not Placed
1000244,74.3,0,85.2,85.4,0,1,Not Placed
1000245,79.0,0,96.4,91.7,0,1,Placed
1000246,65.7,0,77.5,72.3,0,1,Not Placed
1000247,70.2,0,80.8,72.6,0,1,Placed
1000248,74.5,0,80.6,87.8,2,1,Placed
1000249,66.5,1,78.3,77.6,4,1,Placed
1000250,60.3,1,63.8,64.2,0,2,Not Placed
1000251,76.4,0,84.3,77.7,0,1,Placed
1000252,73.2,0,75.6,81.9,0,2,Not Placed
1000253,68.6,0,68.8,71.0,1,5,Placed
1000254,58.7,0,69.5,66.0,1,1,Not Placed
1000255,71.6,1,75.9,72.5,2,1,Not Placed
1000256,68.5,0,77.2,69.3,0,1,Placed
1000257,73.0,0,83.2,82.6,0,1,Placed
1000258,63.5,0,71.8,67.6,0,2,Not Placed
1000259,88.5,0,94.1,88.7,2,1,Placed
1000260,67.7,0,78.2,77.1,1,1,Placed
1000261,71.1,0,76.9,81.8,2,5,Placed
1000262,50.0,0,59.0,64.4,2,1,Not Placed
1000263,85.0,0,95.4,85.7,2,1,Placed
1000264,68.8,0,79.2,72.1,0,3,Not Placed
1000265,67.2,1,85.5,66.8,0,3,Not Placed
1000266,78.3,0,86.3,77.9,3,1,Placed
1000267,77.1,1,91.1,95.1,1,3,Placed
1000268,62.3,0,73.3,68.2,1,1,Not Placed
1000269,87.8,0,85.2,89.8,1,3,Placed
1000270,78.5,0,82.4,82.4,0,1,Placed
1000271,67.6,0,81.7,80.2,0,3,Placed
1000272,72.5,1,81.1,71.6,1,1,Placed
1000273,86.3,0,97.2,88.9,0,2,Placed
1000274,48.8,1,57.4,56.3,3,2,Not Placed
1000275,74.2,0,84.2,77.9,1,1,Placed
1000276,51.5,0,50.0,50.0,5,1,Not Placed
1000277,82.2,1,91.8,88.1,0,3,Placed
1000278,74.4,0,83.9,74.7,2,1,Not Placed
1000279,85.0,1,94.9,98.0,0,1,Placed
1000280,49.4,0,55.9,50.0,2,1,Not Placed
1000281,59.2,0,71.9,72.7,3,1,Not Placed
1000282,80.8,1,85.6,86.2,0,3,Placed
1000283,85.9,1,98.0,93.4,3,2,Placed
1000284,50.3,0,54.8,57.8,3,1,Not Placed
1000285,88.5,0,98.0,97.2,0,1,Placed
1000286,68.9,0,64.9,74.5,2,1,Not Placed
1000287,78.6,1,82.9,77.0,0,1,Placed
1000288,69.4,1,67.0,66.8,0,1,Placed
1000289,81.1,1,87.6,82.4,2,2,Placed
1000290,76.5,0,83.6,82.6,0,1,Placed
1000291,63.0,0,80.5,67.7,5,1,Not Placed
1000292,55.5,0,54.2,61.8,1,1,Not Placed
1000293,78.1,0,83.7,83.8,0,1,Placed
1000294,63.5,0,73.2,57.7,0,1,Not Placed
1000295,63.4,1,70.2,65.1,4,2,Not Placed
1000296,86.1,1,85.4,94.7,1,3,Placed
1000297,74.8,1,77.1,80.3,0,1,Not Placed
1000298,98.0,1,98.0,98.0,0,2,Placed
1000299,59.7,0,64.4,73.5,1,1,Not Placed
1000300,68.8,0,84.0,75.3,3,1,Placed
1000301,75.1,0,89.6,71.8,1,2,Placed
1000302,69.0,1,70.9,72.4,0,1,Not Placed
1000303,81.4,0,86.5,85.3,0,1,Placed
1000304,52.5,1,66.8,57.3,1,1,Not Placed
1000305,75.4,1,86.1,80.4,0,1,Placed
1000306,58.8,1,65.0,62.5,0,3,Not Placed
1000307,91.2,0,98.0,94.5,1,3,Not Placed
1000308,53.5,0,54.1,52.6,1,1,Not Placed
1000309,73.7,0,72.7,76.0,0,1,Placed
1000310,56.9,0,60.5,52.0,1,1,Not Placed
1000311,81.0,0,76.3,84.5,5,3,Placed
1000312,95.5,1,98.0,98.0,0,1,Placed
1000313,70.7,0,80.0,78.1,1,3,Placed
1000314,67.7,0,77.1,75.8,4,1,Placed
1000315,67.6,0,81.2,72.3,1,1,Placed
1000316,79.7,0,84.1,74.0,1,3,Not Placed
1000317,98.0,0,98.0,98.0,1,4,Placed
1000318,86.0,0,93.0,94.0,1,4,Placed
1000319,45.0,0,58.6,54.7,1,1,Not Placed
1000320,85.7,0,91.1,95.5,0,1,Placed
1000321,78.2,0,82.9,85.3,2,2,Placed
1000322,79.0,0,89.3,83.9,0,1,Placed
1000323,61.4,1,65.5,64.9,2,4,Placed
1000324,72.4,0,83.4,77.4,2,2,Placed
1000325,62.2,1,62.2,63.4,0,1,Not Placed
1000326,70.1,0,81.6,73.8,0,2,Not Placed
1000327,48.0,0,62.8,50.0,0,3,Not Placed
1000328,98.0,0,98.0,98.0,0,2,Placed
1000329,66.1,0,79.4,84.9,0,2,Placed
1000330,50.0,1,57.9,52.4,2,1,Placed
1000331,73.8,0,80.2,79.6,2,1,Placed
1000332,61.7,1,75.3,60.0,2,1,Not Placed
1000333,62.2,0,74.4,66.5,0,4,Placed
1000334,71.2,0,89.1,83.3,0,1,Not Placed
1000335,83.1,0,91.6,89.1,0,1,Placed
1000336,66.7,0,75.4,71.7,0,1,Placed
1000337,79.2,0,84.7,83.5,2,1,Placed
1000338,67.2,0,77.7,77.4,0,2,Not Placed
1000339,71.1,0,81.0,71.6,2,1,Placed
1000340,90.6,1,94.8,93.9,0,1,Placed
1000341,79.2,0,90.9,81.7,0,1,Placed
1000342,69.4,0,64.2,86.4,0,1,Not Placed
1000343,81.4,0,83.5,92.0,2,2,Placed
1000344,69.1,0,78.1,74.7,0,1,Placed
1000345,90.6,0,98.0,95.8,2,1,Placed
1000346,80.0,0,91.4,77.0,0,1,Placed
1000347,62.1,0,69.2,75.4,0,4,Not Placed
1000348,78.4,1,86.7,77.1,0,1,Placed
1000349,64.6,0,67.0,70.8,2,2,Not Placed
1000350,58.0,0,70.2,61.8,0,3,Not Placed
1000351,77.6,1,81.4,93.0,0,4,Placed
1000352,72.0,0,71.9,76.1,2,1,Placed
1000353,67.7,0,68.6,71.4,0,3,Not Placed
1000354,77.4,1,87.2,74.4,0,2,Placed
1000355,77.5,0,87.7,82.6,2,1,Placed
1000356,60.5,0,72.6,60.7,1,2,Not Placed
1000357,77.7,1,79.4,85.7,0,3,Placed
1000358,70.2,1,73.8,85.7,0,1,Not Placed
1000359,69.0,0,73.8,80.6,0,2,Not Placed
1000360,73.2,0,84.1,74.8,1,1,Placed
1000361,81.5,1,89.6,81.7,0,1,Placed
1000362,74.6,0,81.6,80.1,0,2,Placed
1000363,79.0,0,82.5,77.4,3,4,Placed
1000364,88.9,0,94.9,86.7,1,1,Placed
1000365,71.9,0,66.8,77.8,2,3,Placed
1000366,84.4,0,96.1,80.6,0,1,Placed
1000367,75.8,0,80.5,81.0,5,1,Placed
1000368,59.6,1,63.9,68.0,2,3,Not Placed
1000369,58.2,0,72.2,58.3,2,1,Not Placed
1000370,89.5,0,88.9,94.9,1,1,Placed
1000371,62.3,0,73.6,59.8,0,2,Not Placed
1000372,72.4,0,75.6,80.4,2,2,Placed
1000373,69.8,0,79.0,77.3,1,3,Placed
1000374,65.6,0,76.3,72.8,1,1,Not Placed
1000375,81.3,0,83.9,84.4,2,2,Placed
1000376,71.3,1,81.6,80.7,1,5,Placed
1000377,78.9,0,90.4,86.0,0,2,Placed
1000378,60.0,0,66.6,62.6,0,3,Not Placed
1000379,61.6,0,73.1,59.8,1,3,Not Placed
1000380,72.8,0,77.6,72.7,1,1,Placed
1000381,55.8,0,61.1,52.2,1,1,Not Placed
1000382,78.5,0,85.7,89.1,0,1,Placed
1000383,89.4,1,92.6,89.6,0,5,Placed
1000384,56.1,0,64.4,59.9,2,2,Not Placed
1000385,60.9,0,61.4,62.7,0,1,Not Placed
1000386,83.4,0,85.0,84.8,0,4,Placed
1000387,74.1,1,90.5,85.8,1,1,Placed
1000388,86.3,0,98.0,85.7,1,3,Placed
1000389,61.0,1,71.7,67.7,0,2,Not Placed
1000390,61.6,1,78.1,59.0,0,4,Not Placed
1000391,78.2,0,89.0,78.1,5,1,Placed
1000392,61.6,0,68.9,66.0,0,1,Not Placed
1000393,81.9,1,98.0,93.8,1,1,Placed
1000394,76.3,1,87.1,77.4,0,1,Placed
1000395,63.7,0,75.1,76.1,1,1,Not Placed
1000396,76.9,0,87.2,82.3,0,2,Placed
1000397,80.9,0,85.1,86.1,0,4,Placed
1000398,51.4,0,60.8,57.9,2,1,Not Placed
1000399,80.7,1,85.6,94.3,0,2,Placed
1000400,66.3,1,65.4,71.4,0,1,Not Placed
1000401,49.0,1,54.5,61.2,1,1,Not Placed
1000402,78.5,0,81.3,86.4,0,1,Placed
1000403,83.6,1,98.0,94.8,0,1,Placed
1000404,64.0,0,77.0,68.4,0,1,Not Placed
1000405,75.9,0,82.8,76.7,1,1,Placed
1000406,77.0,0,89.2,84.1,0,2,Placed
1000407,79.3,0,90.1,79.7,0,1,Placed
1000408,73.3,1,90.1,74.8,0,1,Not Placed
1000409,56.9,0,58.0,59.1,0,4,Not Placed
1000410,46.9,0,62.0,61.2,1,1,Not Placed
1000411,76.7,0,86.3,86.3,1,1,Placed
1000412,68.0,1,72.0,68.0,0,3,Placed
1000413,79.8,0,86.3,84.6,2,1,Placed
1000414,96.3,0,98.0,98.0,2,3,Placed
1000415,93.1,0,98.0,95.0,0,1,Placed
1000416,70.9,1,84.0,82.1,3,1,Placed
1000417,66.5,0,78.8,60.3,5,1,Not Placed
1000418,69.7,0,74.4,65.3,0,1,Placed
1000419,79.4,1,84.4,73.4,1,2,Placed
1000420,69.5,1,88.0,77.5,1,1,Not Placed
1000421,80.0,0,91.5,89.0,2,1,Placed
1000422,84.9,0,98.0,87.7,3,2,Placed
1000423,66.2,0,82.7,76.6,3,2,Not Placed
1000424,70.9,0,72.8,71.7,0,1,Placed
1000425,64.2,0,72.3,73.7,0,1,Not Placed
1000426,85.9,0,91.8,87.6,1,1,Placed
1000427,82.3,0,84.4,82.8,0,2,Placed
1000428,53.7,0,64.8,61.5,2,1,Not Placed
1000429,79.5,0,82.5,74.7,0,1,Placed
1000430,68.0,0,78.5,73.5,0,3,Not Placed
1000431,68.8,0,78.5,75.4,0,2,Placed
1000432,85.9,0,89.9,85.9,0,1,Placed
1000433,69.1,0,82.5,67.5,0,1,Not Placed
1000434,88.0,1,98.0,95.0,1,2,Placed
1000435,85.1,0,93.8,90.2,2,1,Placed
1000436,55.8,0,61.0,62.6,0,5,Not Placed
1000437,46.8,0,57.9,56.2,1,1,Not Placed
1000438,86.3,0,98.0,98.0,1,2,Placed
1000439,72.0,1,86.2,85.5,0,2,Not Placed
1000440,83.4,1,93.8,96.2,2,2,Not Placed
1000441,82.2,0,77.6,85.8,0,2,Placed
1000442,73.8,0,85.6,76.5,0,1,Placed
1000443,70.2,0,72.5,78.3,2,3,Placed
1000444,61.3,0,74.2,67.5,5,1,Not Placed
1000445,81.8,1,87.3,85.9,5,3,Placed
1000446,64.0,1,71.1,68.1,0,1,Not Placed
1000447,53.4,1,61.1,60.8,0,2,Not Placed
1000448,59.8,1,64.0,61.0,1,1,Not Placed
1000449,56.4,0,62.4,56.8,2,1,Not Placed
1000450,49.0,0,56.2,52.2,1,1,Not Placed
1000451,75.6,0,83.1,71.7,0,1,Placed
1000452,57.8,0,54.2,71.9,2,3,Not Placed
1000453,81.8,0,88.4,91.0,0,1,Placed
1000454,45.0,0,50.0,54.8,0,1,Not Placed
1000455,67.6,0,74.4,71.1,4,1,Not Placed
1000456,67.8,0,89.2,74.3,0,2,Placed
1000457,53.8,0,58.9,54.6,0,1,Not Placed
1000458,76.6,0,83.6,76.0,0,2,Placed
1000459,74.6,1,88.5,80.6,2,1,Not Placed
1000460,63.8,0,68.4,64.6,0,3,Not Placed
1000461,61.4,0,66.2,68.7,0,1,Placed
1000462,81.9,1,89.8,82.3,0,3,Placed
1000463,64.0,0,69.0,71.3,1,1,Not Placed
1000464,86.1,1,92.2,91.8,1,3,Placed
1000465,46.4,0,50.0,60.1,2,1,Placed
1000466,53.4,1,59.9,55.5,1,1,Not Placed
1000467,76.0,0,81.7,87.2,2,1,Placed
1000468,81.0,0,83.5,85.2,0,1,Placed
1000469,80.0,0,84.4,88.7,0,1,Not Placed
1000470,78.1,0,87.0,91.0,0,3,Placed
1000471,83.8,0,87.4,93.6,0,4,Placed
1000472,83.9,0,97.1,85.9,0,1,Placed
1000473,69.2,0,80.4,73.3,0,1,Placed
1000474,58.9,0,68.3,64.3,0,1,Not Placed
1000475,45.0,0,55.3,57.6,3,3,Placed
1000476,60.6,0,77.3,64.3,1,1,Not Placed
1000477,79.1,1,82.9,74.7,2,1,Placed
1000478,50.2,0,59.5,59.1,0,1,Not Placed
1000479,52.5,0,59.1,61.1,1,2,Not Placed
1000480,75.2,0,89.5,79.1,0,1,Placed
1000481,82.3,0,91.2,82.8,0,1,Not Placed
1000482,90.2,1,98.0,97.3,0,1,Placed
1000483,97.0,0,98.0,98.0,0,1,Placed
1000484,67.0,1,84.5,65.0,1,1,Not Placed
1000485,79.8,0,77.0,83.2,0,2,Placed
1000486,53.8,0,50.0,56.0,2,3,Not Placed
1000487,56.4,0,66.4,60.4,0,4,Not Placed
1000488,65.9,0,74.1,65.1,1,5,Not Placed
1000489,68.3,0,75.6,69.7,0,2,Not Placed
1000490,65.0,0,74.1,59.0,2,3,Not Placed
1000491,85.7,0,91.4,89.3,0,1,Placed
1000492,65.3,0,74.4,68.4,2,1,Placed
1000493,67.8,1,76.6,77.9,0,1,Not Placed
1000494,74.7,0,86.2,87.0,1,2,Placed
1000495,65.3,0,71.8,71.6,2,1,Not Placed
1000496,48.4,0,50.8,56.7,0,1,Not Placed
1000497,66.3,0,73.2,70.9,0,1,Not Placed
1000498,70.9,0,81.0,82.4,2,4,Placed
1000499,57.9,0,66.2,61.2,1,2,Not Placed
1000500,56.5,0,67.3,50.2,0,1,Not Placed
1000501,87.1,0,90.9,91.0,0,2,Placed
1000502,66.2,1,71.1,69.3,3,4,Placed
1000503,65.9,1,64.4,77.5,0,2,Placed
1000504,63.9,1,76.9,60.2,5,1,Not Placed
1000505,89.9,0,98.0,93.6,0,1,Placed
1000506,86.5,0,93.2,88.0,2,4,Placed
1000507,63.5,0,75.7,66.6,0,1,Not Placed
1000508,71.9,0,76.6,71.7,1,1,Placed
1000509,52.4,0,57.4,59.7,0,1,Not Placed
1000510,92.4,1,96.1,96.9,1,1,Placed
1000511,67.0,0,70.0,68.2,0,1,Not Placed
1000512,78.2,0,91.1,77.7,2,1,Placed
1000513,68.0,0,80.5,82.2,3,1,Placed
1000514,56.2,0,73.1,64.8,2,1,Not Placed
1000515,49.4,0,58.5,60.8,2,1,Not Placed
1000516,80.0,0,84.3,89.5,0,2,Placed
1000517,77.4,0,89.1,91.3,0,1,Placed
1000518,80.7,1,83.6,92.6,0,1,Placed
1000519,80.3,0,84.1,91.6,0,4,Placed
1000520,68.2,1,76.1,67.8,1,1,Not Placed
1000521,94.9,0,98.0,98.0,1,1,Placed
1000522,74.4,0,78.4,78.5,0,2,Placed
1000523,81.3,0,92.3,87.8,2,2,Placed
1000524,70.6,1,79.9,71.2,1,2,Not Placed
1000525,63.5,1,66.9,74.3,1,1,Not Placed
1000526,62.9,0,72.3,72.3,0,1,Not Placed
1000527,80.7,0,94.5,86.3,4,2,Placed
1000528,73.2,0,77.0,70.4,0,1,Placed
1000529,90.0,1,98.0,82.6,3,5,Placed
1000530,65.3,0,78.3,78.6,1,1,Placed
1000531,60.7,0,69.7,60.5,1,2,Not Placed
1000532,72.0,0,85.4,71.1,0,1,Placed
1000533,77.4,0,83.6,84.5,0,4,Placed
1000534,98.0,0,98.0,98.0,1,1,Placed
1000535,61.2,0,69.1,63.2,1,1,Not Placed
1000536,82.0,0,91.2,95.0,0,2,Placed
1000537,78.9,1,89.4,92.9,0,3,Placed
1000538,67.5,0,74.7,67.4,1,1,Not Placed
1000539,86.8,0,98.0,91.1,0,1,Placed
1000540,70.9,1,80.6,76.3,0,2,Not Placed
1000541,46.5,0,50.0,50.0,0,3,Not Placed
1000542,91.0,0,93.4,93.4,2,4,Placed
1000543,74.1,0,81.7,73.2,1,2,Placed
1000544,62.0,0,68.2,69.5,0,1,Not Placed
1000545,63.3,0,72.3,73.4,0,2,Not Placed
1000546,73.5,0,77.5,70.6,0,1,Placed
1000547,62.4,0,72.9,74.8,2,1,Not Placed
1000548,85.1,0,95.3,91.1,0,3,Not Placed
1000549,70.8,1,81.0,63.2,1,4,Not Placed
1000550,88.5,0,96.1,90.2,0,2,Placed
1000551,67.2,1,79.4,73.2,0,1,Not Placed
1000552,75.9,0,90.0,82.2,2,2,Placed
1000553,88.6,0,98.0,93.1,1,2,Placed
1000554,85.2,1,98.0,91.0,2,1,Placed
1000555,64.6,0,72.1,65.6,0,1,Not Placed
1000556,65.5,0,72.9,55.9,0,3,Placed
1000557,96.6,0,98.0,98.0,3,1,Not Placed
1000558,97.2,1,98.0,98.0,0,1,Placed
1000559,69.4,0,73.8,68.0,5,2,Not Placed
1000560,68.0,0,70.9,78.8,0,1,Placed
1000561,88.6,1,91.6,91.1,0,4,Placed
1000562,61.0,0,74.7,64.4,0,2,Not Placed
1000563,69.4,0,81.5,74.2,0,1,Placed
1000564,78.0,0,84.3,80.5,0,5,Placed
1000565,55.5,0,69.6,56.1,0,2,Not Placed
1000566,76.1,1,85.5,77.1,0,1,Placed
1000567,77.1,0,80.3,90.2,0,1,Placed
1000568,88.4,0,90.6,84.3,1,2,Placed
1000569,59.4,0,77.9,72.4,0,2,Placed
1000570,86.5,0,91.3,95.9,1,2,Placed
1000571,59.1,0,61.5,63.9,0,1,Not Placed
1000572,49.8,1,58.4,50.0,1,1,Not Placed
1000573,71.6,0,79.0,70.1,0,2,Placed
1000574,79.0,0,74.4,85.1,3,2,Placed
1000575,84.9,0,94.5,90.9,1,1,Placed
1000576,64.4,0,68.7,80.1,0,2,Placed
1000577,88.0,1,96.3,86.5,0,1,Placed
1000578,88.0,0,98.0,98.0,1,2,Placed
1000579,54.2,0,57.4,64.3,3,1,Not Placed
1000580,68.7,1,78.9,83.9,0,2,Not Placed
1000581,72.0,0,73.3,74.9,5,2,Not Placed
1000582,84.1,0,88.5,84.1,1,2,Placed
1000583,68.6,1,66.7,73.8,0,2,Not Placed
1000584,66.0,0,66.9,74.0,3,1,Not Placed
1000585,64.4,0,70.7,71.2,4,1,Not Placed
1000586,71.7,1,76.1,72.7,2,3,Not Placed
1000587,58.6,0,68.7,66.4,0,2,Not Placed
1000588,58.4,0,72.5,64.2,0,1,Not Placed
1000589,98.0,0,98.0,96.7,2,3,Placed
1000590,81.8,1,87.7,91.9,1,1,Placed
1000591,82.5,1,90.8,86.7,0,3,Placed
1000592,76.1,0,82.4,84.1,1,2,Placed
1000593,61.8,0,72.5,71.0,0,3,Not Placed
1000594,60.3,0,75.3,62.4,0,3,Placed
1000595,76.0,0,89.3,88.3,0,1,Placed
1000596,84.0,0,88.3,91.1,0,1,Placed
1000597,72.5,0,85.5,76.7,1,1,Placed
1000598,74.6,0,79.8,71.4,2,1,Placed
1000599,50.6,0,52.6,50.0,0,2,Not Placed
1000600,82.8,0,82.4,91.7,0,1,Placed
1000601,70.5,0,75.0,78.1,0,1,Not Placed
1000602,70.6,1,82.3,64.7,0,2,Not Placed
1000603,74.1,1,88.4,76.9,0,1,Not Placed
1000604,85.7,0,93.8,92.0,0,5,Placed
1000605,71.7,1,80.9,76.8,2,1,Not Placed
1000606,54.9,0,60.4,65.0,0,1,Not Placed
1000607,66.0,1,65.2,73.4,0,1,Not Placed
1000608,71.8,0,84.4,76.1,0,1,Placed
1000609,68.1,0,77.7,68.7,0,1,Not Placed
1000610,77.8,0,83.5,85.8,0,3,Placed
1000611,67.1,0,74.2,73.1,0,1,Placed
1000612,83.2,1,80.0,83.7,0,1,Placed
1000613,78.2,0,81.2,85.3,1,1,Placed
1000614,66.0,0,73.5,69.0,0,1,Not Placed
1000615,70.5,1,76.5,76.9,5,1,Not Placed
1000616,86.4,1,87.0,97.3,0,1,Placed
1000617,77.8,0,80.9,80.8,1,3,Placed
1000618,68.7,1,75.0,78.6,1,2,Not Placed
1000619,55.5,0,62.8,53.4,2,1,Not Placed
1000620,68.1,0,80.1,71.2,1,1,Placed
1000621,70.2,1,75.9,71.2,0,3,Placed
1000622,59.3,0,67.0,65.9,3,1,Not Placed
1000623,91.8,1,94.4,89.5,2,1,Not Placed
1000624,79.4,0,95.0,76.8,2,4,Placed
1000625,69.6,0,77.3,77.3,1,1,Not Placed
1000626,90.2,0,98.0,91.2,2,1,Placed
1000627,49.1,0,64.1,57.7,2,3,Not Placed
1000628,70.5,0,75.7,83.6,0,2,Placed
1000629,68.1,0,69.1,74.2,0,2,Placed
1000630,61.4,0,56.4,75.7,0,1,Placed
1000631,74.7,1,87.5,82.0,1,1,Not Placed
1000632,90.2,0,98.0,95.5,0,2,Placed
1000633,76.7,0,82.9,77.8,2,2,Placed
1000634,86.0,0,93.5,93.7,0,1,Placed
1000635,77.1,0,96.1,85.0,0,1,Placed
1000636,79.6,0,78.2,80.9,4,2,Placed
1000637,94.7,0,98.0,98.0,0,1,Placed
1000638,58.2,0,67.9,64.9,1,4,Not Placed
1000639,73.0,0,83.9,72.8,1,2,Placed
1000640,47.3,0,57.1,55.1,0,1,Not Placed
1000641,65.4,0,65.0,68.1,1,1,Not Placed
1000642,72.1,0,84.2,66.7,3,1,Placed
1000643,68.2,0,71.8,73.0,5,1,Not Placed
1000644,70.8,0,70.8,73.4,0,1,Not Placed
1000645,79.6,1,82.7,85.6,0,1,Placed
1000646,86.1,0,93.1,88.5,0,2,Placed
1000647,70.9,0,75.5,74.4,0,1,Not Placed
1000648,75.4,0,88.4,84.7,0,1,Placed
1000649,55.0,0,65.6,58.9,0,1,Not Placed
1000650,83.1,1,98.0,92.8,1,1,Placed
1000651,67.0,1,74.5,74.0,1,1,Not Placed
1000652,73.5,1,85.0,85.8,0,3,Not Placed
1000653,77.4,0,80.6,84.0,0,1,Placed
1000654,81.2,0,94.8,89.0,0,1,Placed
1000655,63.5,1,69.7,58.5,0,5,Not Placed
1000656,68.5,0,74.7,81.9,0,1,Placed
1000657,49.1,0,61.4,54.5,0,3,Not Placed
1000658,74.0,0,84.1,78.4,0,2,Not Placed
1000659,74.7,0,85.6,76.7,2,1,Placed
1000660,60.2,0,62.8,72.0,5,1,Not Placed
1000661,82.6,0,89.6,88.8,4,1,Placed
1000662,64.9,0,80.0,78.1,0,1,Not Placed
1000663,67.5,0,73.3,67.3,0,1,Not Placed
1000664,92.2,0,98.0,93.5,1,1,Placed
1000665,91.9,0,98.0,94.9,5,1,Placed
1000666,75.1,0,85.5,82.0,0,1,Placed
1000667,75.7,0,81.2,82.0,2,1,Placed
1000668,45.6,0,60.2,53.2,1,1,Not Placed
1000669,66.3,0,72.9,62.1,2,1,Placed
1000670,67.3,0,71.7,64.6,0,1,Not Placed
1000671,70.1,0,78.0,76.6,0,3,Placed
1000672,60.3,1,73.2,62.9,0,2,Not Placed
1000673,76.3,1,86.3,82.6,0,1,Placed
1000674,82.7,0,89.4,93.2,3,4,Placed
1000675,53.2,0,62.4,52.8,0,1,Not Placed
1000676,62.5,1,71.2,69.9,0,1,Placed
1000677,45.0,0,57.0,50.0,3,1,Not Placed
1000678,68.2,0,76.3,82.4,1,5,Placed
1000679,66.2,0,62.3,75.4,0,5,Not Placed
1000680,98.0,1,98.0,98.0,1,5,Placed
1000681,77.0,0,82.0,84.6,0,1,Placed
1000682,71.0,0,86.5,66.8,2,1,Placed
1000683,82.7,0,91.5,98.0,0,5,Placed
1000684,84.7,0,93.7,85.5,0,1,Placed
1000685,89.1,0,98.0,92.6,5,1,Placed
1000686,95.4,0,98.0,98.0,0,1,Placed
1000687,65.7,0,70.7,65.9,5,1,Placed
1000688,75.5,1,83.7,86.3,1,1,Placed
1000689,83.7,1,98.0,91.7,0,3,Placed
1000690,70.3,1,84.4,81.4,1,1,Not Placed
1000691,53.7,1,59.6,51.8,1,1,Not Placed
1000692,75.5,0,83.2,77.4,0,1,Placed
1000693,80.8,0,91.3,87.7,2,1,Placed
1000694,67.2,0,74.4,72.1,0,2,Not Placed
1000695,70.7,0,75.7,80.2,0,2,Placed
1000696,85.0,0,98.0,92.4,1,1,Placed
1000697,64.3,0,77.0,70.2,1,2,Not Placed
1000698,48.4,1,56.0,50.0,0,1,Not Placed
1000699,72.6,0,82.6,81.1,0,2,Not Placed
1000700,67.1,0,76.5,73.5,1,1,Not Placed
1000701,86.3,1,91.0,92.5,0,1,Placed
1000702,76.8,0,81.0,70.0,0,2,Placed
1000703,96.5,0,98.0,98.0,0,1,Placed
1000704,67.1,0,72.0,72.9,2,2,Placed
1000705,79.0,0,91.2,77.2,0,5,Placed
1000706,75.9,1,83.0,86.3,2,5,Not Placed
1000707,83.3,1,93.7,93.7,1,1,Placed
1000708,65.5,0,73.1,73.2,0,1,Placed
1000709,82.5,0,91.5,90.6,0,1,Placed
1000710,71.2,0,80.3,83.0,1,2,Placed
1000711,59.0,0,68.7,59.7,0,2,Not Placed
1000712,70.5,0,83.3,76.6,2,1,Placed
1000713,65.3,0,71.6,72.8,1,1,Placed
1000714,69.4,0,83.3,70.1,2,2,Placed
1000715,73.2,1,86.9,79.7,0,1,Not Placed
1000716,65.5,0,78.5,62.8,0,2,Not Placed
1000717,79.9,0,92.2,90.8,0,1,Placed
1000718,76.6,0,80.6,82.1,0,1,Placed
1000719,76.6,0,91.1,84.4,1,3,Placed
1000720,79.7,0,89.9,77.7,4,1,Placed
1000721,84.6,1,88.4,92.4,0,1,Placed
1000722,66.5,0,72.6,75.9,0,2,Placed
1000723,72.0,1,84.3,85.4,2,1,Not Placed
1000724,74.7,0,82.5,75.0,1,1,Not Placed
1000725,55.8,0,67.2,62.1,0,5,Not Placed
1000726,73.8,0,83.7,75.9,0,1,Placed
1000727,60.8,0,66.7,67.5,0,2,Not Placed
1000728,88.2,0,89.9,98.0,1,1,Placed
1000729,85.7,0,94.6,95.5,2,5,Placed
1000730,85.1,0,98.0,93.8,0,2,Placed
1000731,64.3,0,67.1,79.1,0,1,Not Placed
1000732,73.6,0,81.0,78.1,0,3,Placed
1000733,71.3,0,83.7,71.5,0,1,Placed
1000734,75.3,1,81.8,75.0,1,1,Placed
1000735,92.6,0,98.0,94.8,5,1,Placed
1000736,74.7,0,83.1,86.9,0,5,Not Placed
1000737,72.2,1,77.2,75.7,0,3,Not Placed
1000738,69.0,0,73.6,68.1,0,5,Not Placed
1000739,93.8,0,98.0,93.9,3,1,Placed
1000740,93.3,0,98.0,96.0,1,1,Placed
1000741,59.0,0,67.0,64.8,2,1,Not Placed
1000742,83.1,0,92.3,96.3,0,1,Placed
1000743,87.7,1,94.0,95.2,0,2,Placed
1000744,57.0,0,65.1,69.2,0,1,Placed
1000745,65.9,0,79.6,56.7,0,1,Not Placed
1000746,92.0,1,98.0,98.0,0,1,Placed
1000747,87.1,0,87.4,89.4,3,2,Placed
1000748,54.6,0,62.3,50.0,1,3,Not Placed
1000749,45.0,0,56.2,58.1,1,1,Not Placed
1000750,75.4,0,82.5,80.6,1,1,Placed
1000751,79.5,0,88.7,80.5,0,2,Placed
1000752,68.1,0,70.3,69.9,1,1,Not Placed
1000753,92.0,0,98.0,88.8,0,5,Placed
1000754,56.9,0,68.6,65.4,1,3,Not Placed
1000755,85.3,0,98.0,86.8,1,1,Placed
1000756,64.2,1,64.1,68.8,0,1,Not Placed
1000757,74.9,0,82.0,78.9,2,2,Placed
1000758,54.0,0,66.8,62.4,0,4,Not Placed
1000759,78.9,0,91.7,83.7,3,1,Placed
1000760,77.9,1,88.6,84.9,0,4,Placed
1000761,76.3,1,96.2,87.2,1,1,Not Placed
1000762,72.5,0,79.1,82.5,0,1,Placed
1000763,78.2,0,87.3,80.8,1,2,Placed
1000764,76.9,1,80.1,83.3,0,4,Placed
1000765,83.5,1,84.7,92.0,2,3,Not Placed
1000766,45.0,0,53.6,50.7,1,1,Not Placed
1000767,59.0,0,65.8,61.9,3,1,Not Placed
1000768,75.0,0,78.9,76.7,1,1,Placed
1000769,80.7,0,83.7,86.9,0,1,Placed
1000770,67.1,0,76.5,75.4,1,1,Not Placed
1000771,72.2,0,74.8,61.3,2,3,Placed
1000772,70.8,0,68.3,79.4,0,1,Placed
1000773,64.2,1,71.6,70.5,0,1,Not Placed
1000774,71.4,0,78.7,66.1,0,5,Placed
1000775,80.9,0,87.6,77.9,2,1,Placed
1000776,71.3,0,77.6,80.1,0,2,Placed
1000777,49.0,0,58.6,52.8,0,2,Not Placed
1000778,71.7,1,73.0,76.3,3,1,Not Placed
1000779,74.9,0,87.2,74.0,0,1,Placed
1000780,72.6,0,88.1,75.3,0,2,Placed
1000781,62.9,1,74.3,67.2,1,2,Not Placed
1000782,62.3,0,68.8,64.4,1,1,Not Placed
1000783,77.8,0,91.7,94.5,0,1,Placed
1000784,63.9,0,74.0,66.5,0,1,Not Placed
1000785,62.1,0,71.0,66.9,0,1,Placed
1000786,65.6,0,74.3,86.0,1,1,Placed
1000787,88.3,0,89.6,95.5,0,5,Placed
1000788,79.0,0,90.1,89.0,2,4,Placed
1000789,88.5,1,98.0,91.1,0,1,Placed
1000790,81.0,0,88.1,81.9,0,1,Placed
1000791,57.4,1,56.9,56.8,2,2,Not Placed
1000792,55.5,1,56.2,63.7,0,1,Not Placed
1000793,83.1,0,88.5,94.8,1,3,Placed
1000794,66.9,0,69.3,78.7,3,3,Placed
1000795,87.5,0,98.0,96.6,1,1,Placed
1000796,66.6,0,75.8,69.1,0,1,Not Placed
1000797,59.9,0,72.8,67.3,0,1,Not Placed
1000798,72.0,0,86.2,75.6,1,1,Not Placed
1000799,64.9,1,83.9,75.9,1,1,Not Placed
1000800,67.4,0,77.5,80.0,1,1,Not Placed
1000801,76.4,0,86.8,81.0,0,1,Placed
1000802,70.5,0,80.1,73.9,0,2,Placed
1000803,82.0,0,86.3,72.8,2,1,Placed
1000804,54.3,0,55.5,56.8,1,2,Not Placed
1000805,85.7,0,94.4,92.1,1,2,Placed
1000806,74.3,0,94.3,76.0,0,4,Placed
1000807,69.3,0,78.9,83.2,1,1,Not Placed
1000808,66.9,0,72.6,67.0,1,2,Not Placed
1000809,62.0,0,69.2,65.4,5,2,Not Placed
1000810,72.1,1,78.9,81.0,5,1,Not Placed
1000811,73.6,0,79.2,79.5,0,1,Placed
1000812,98.0,0,98.0,98.0,2,2,Placed
1000813,56.9,0,66.0,66.4,1,1,Not Placed
1000814,98.0,0,98.0,98.0,1,1,Placed
1000815,83.6,0,91.5,79.5,0,1,Placed
1000816,80.7,1,90.5,84.1,0,1,Placed
1000817,80.9,1,93.6,83.9,0,1,Placed
1000818,80.9,0,87.9,87.5,0,1,Placed
1000819,72.0,0,76.2,81.5,1,2,Not Placed
1000820,72.5,0,85.7,86.2,0,1,Placed
1000821,96.7,0,98.0,98.0,1,5,Placed
1000822,73.0,0,77.4,81.1,0,2,Placed
1000823,68.7,1,70.3,69.5,1,4,Not Placed
1000824,62.8,0,71.1,71.3,2,2,Not Placed
1000825,86.3,0,94.5,95.3,0,1,Placed
1000826,66.2,0,86.9,74.5,0,1,Not Placed
1000827,71.9,0,76.2,68.6,0,5,Placed
1000828,68.9,1,76.6,70.7,0,1,Placed
1000829,79.3,1,90.3,87.7,3,3,Placed
1000830,76.7,0,87.0,84.6,1,5,Placed
1000831,66.6,1,77.8,68.5,0,1,Not Placed
1000832,84.4,0,90.4,93.4,3,1,Placed
1000833,57.9,1,65.7,54.1,0,1,Not Placed
1000834,69.8,0,72.1,87.5,0,2,Not Placed
1000835,79.8,0,82.8,82.0,1,1,Placed
1000836,78.6,0,95.6,91.4,0,1,Placed
1000837,48.1,1,58.4,54.2,0,1,Not Placed
1000838,67.6,0,76.6,68.6,0,1,Not Placed
1000839,45.0,0,50.0,50.0,2,2,Not Placed
1000840,68.0,0,73.5,78.0,1,1,Not Placed
1000841,98.0,0,98.0,98.0,0,3,Placed
1000842,75.5,1,81.0,80.6,1,1,Placed
1000843,45.0,0,59.6,50.8,0,2,Not Placed
1000844,93.7,0,98.0,98.0,1,2,Placed
1000845,61.6,0,65.6,67.4,0,2,Not Placed
1000846,83.7,0,91.6,93.1,3,2,Placed
1000847,69.6,1,75.6,78.7,0,1,Not Placed
1000848,62.2,1,64.5,70.2,0,1,Not Placed
1000849,51.3,0,55.5,62.1,2,1,Not Placed
1000850,85.1,1,90.4,91.9,0,1,Placed
1000851,83.6,0,94.2,86.7,0,2,Placed
1000852,54.4,0,56.0,62.7,2,1,Not Placed
1000853,59.0,0,72.6,61.4,0,2,Not Placed
1000854,54.0,0,57.5,69.1,3,1,Not Placed
1000855,78.7,0,88.2,85.0,0,1,Placed
1000856,62.9,0,66.0,77.4,0,1,Placed
1000857,54.8,0,61.9,66.6,0,4,Not Placed
1000858,74.7,0,76.7,80.6,2,1,Not Placed
1000859,60.4,0,60.4,61.9,1,1,Placed
1000860,75.1,0,89.0,75.0,0,1,Placed
1000861,60.3,0,70.5,63.8,0,1,Not Placed
1000862,59.4,0,69.5,69.4,0,5,Not Placed
1000863,61.2,0,72.3,50.0,0,2,Not Placed
1000864,74.0,0,87.8,74.9,0,1,Placed
1000865,52.7,0,57.6,56.3,1,1,Not Placed
1000866,69.7,0,70.2,77.9,0,1,Placed
1000867,81.7,0,89.1,93.9,0,1,Placed
1000868,77.2,0,88.9,84.4,5,1,Placed
1000869,72.2,1,83.5,71.9,0,4,Placed
1000870,82.1,0,90.2,85.1,1,1,Not Placed
1000871,59.6,0,65.9,58.1,0,2,Not Placed
1000872,73.2,1,82.0,83.7,0,3,Not Placed
1000873,54.3,1,62.6,55.2,0,1,Not Placed
1000874,78.4,0,86.9,84.5,0,3,Placed
1000875,63.3,1,74.3,65.0,0,2,Not Placed
1000876,67.4,0,65.5,67.5,1,1,Not Placed
1000877,67.2,0,74.4,60.2,3,2,Placed
1000878,62.7,1,61.9,61.2,0,1,Not Placed
1000879,81.5,0,76.5,83.9,5,1,Placed
1000880,61.8,0,67.1,67.9,0,4,Placed
1000881,81.2,1,98.0,91.9,0,1,Placed
1000882,83.7,0,98.0,87.9,0,4,Placed
1000883,61.7,0,69.6,74.6,0,3,Not Placed
1000884,68.1,0,76.7,70.4,0,3,Placed
1000885,76.6,0,71.5,75.2,0,3,Placed
1000886,95.5,0,98.0,98.0,0,4,Placed
1000887,79.2,0,94.2,78.1,0,1,Placed
1000888,70.5,0,75.2,83.4,2,2,Placed
1000889,67.1,1,78.8,72.4,2,3,Not Placed
1000890,59.4,1,54.7,60.5,0,4,Not Placed
1000891,62.6,0,69.3,70.9,1,1,Not Placed
1000892,78.1,0,89.2,86.1,0,1,Placed
1000893,45.0,0,50.0,54.3,0,1,Not Placed
1000894,69.8,0,77.3,76.5,2,4,Not Placed
1000895,91.4,0,96.5,96.4,5,1,Placed
1000896,57.2,0,70.0,55.5,2,1,Not Placed
1000897,97.6,0,98.0,98.0,0,2,Placed
1000898,69.9,0,81.1,80.2,1,4,Placed
1000899,71.6,0,80.6,75.2,0,3,Not Placed
1000900,72.4,0,83.8,75.1,1,1,Placed
1000901,76.0,1,81.7,75.4,0,2,Placed
1000902,55.8,0,63.9,65.0,2,1,Not Placed
1000903,96.4,0,98.0,98.0,0,2,Placed
1000904,65.4,1,72.1,71.5,0,1,Not Placed
1000905,78.0,0,78.8,86.5,0,1,Placed
1000906,69.4,0,82.3,73.6,0,1,Not Placed
1000907,81.2,0,90.1,84.2,1,3,Placed
1000908,84.5,0,92.9,85.6,0,1,Placed
1000909,71.6,0,89.6,74.3,0,1,Not Placed
1000910,75.9,0,88.7,82.7,0,4,Placed
1000911,66.4,0,72.9,64.0,1,2,Placed
1000912,81.4,0,86.6,76.8,1,2,Placed
1000913,67.2,0,80.6,77.3,0,3,Placed
1000914,61.5,0,65.5,65.1,2,1,Not Placed
1000915,82.5,0,87.0,90.8,1,1,Placed
1000916,80.3,1,91.9,86.1,0,1,Placed
1000917,80.9,0,95.4,68.3,0,3,Placed
1000918,76.3,0,81.8,80.6,0,1,Placed
1000919,78.1,0,83.2,79.4,0,1,Placed
1000920,56.8,0,63.9,55.9,1,2,Not Placed
1000921,72.4,0,77.6,75.5,0,3,Not Placed
1000922,70.7,1,81.8,72.8,1,1,Not Placed
1000923,71.1,0,81.0,80.4,0,3,Not Placed
1000924,73.0,0,75.9,78.7,2,1,Placed
1000925,67.9,0,74.8,74.8,3,1,Not Placed
1000926,66.8,0,83.4,74.6,0,2,Placed
1000927,59.6,1,66.0,52.6,0,1,Not Placed
1000928,70.3,0,78.5,73.4,0,2,Placed
1000929,80.6,0,82.4,88.2,1,1,Placed
1000930,67.4,1,76.4,66.2,5,1,Not Placed
1000931,71.7,0,75.2,78.4,0,1,Not Placed
1000932,65.8,0,78.0,61.3,0,1,Not Placed
1000933,75.1,1,79.4,90.0,4,1,Placed
1000934,94.7,1,98.0,96.8,2,1,Placed
1000935,64.6,1,61.7,71.0,0,1,Not Placed
1000936,77.5,0,96.0,90.5,1,1,Placed
1000937,61.7,0,79.0,65.4,4,1,Placed
1000938,98.0,1,98.0,98.0,0,1,Placed
1000939,80.3,0,87.7,73.7,1,1,Placed
1000940,85.2,1,98.0,85.5,0,1,Placed
1000941,75.1,0,82.4,75.9,0,5,Placed
1000942,58.6,1,72.6,72.9,0,2,Not Placed
1000943,60.6,0,70.2,69.0,0,1,Not Placed
1000944,49.1,0,64.4,57.5,5,1,Not Placed
1000945,58.7,0,58.6,62.0,2,1,Not Placed
1000946,60.9,1,66.1,61.5,1,1,Not Placed
1000947,79.5,0,83.6,83.2,0,2,Placed
1000948,68.0,1,67.0,72.2,0,1,Placed
1000949,74.6,0,75.8,85.7,1,1,Placed
1000950,62.2,0,71.8,58.9,1,3,Not Placed
1000951,66.6,0,67.7,69.2,0,1,Placed
1000952,69.3,0,80.8,79.8,1,2,Placed
1000953,67.4,0,62.9,74.0,1,2,Placed
1000954,70.2,0,83.5,74.3,1,1,Placed
1000955,58.8,0,67.3,66.2,2,1,Not Placed
1000956,81.6,0,80.2,84.6,1,1,Placed
1000957,77.8,1,86.6,77.5,4,1,Placed
1000958,80.1,0,88.9,86.3,2,1,Placed
1000959,61.2,0,68.4,63.6,1,1,Not Placed
1000960,86.7,0,86.8,98.0,0,1,Placed
1000961,80.5,1,94.7,85.5,1,2,Placed
1000962,52.0,1,52.5,57.7,5,1,Placed
1000963,64.2,0,75.7,66.6,1,4,Not Placed
1000964,66.7,0,84.9,65.0,1,1,Not Placed
1000965,69.4,0,73.5,76.0,1,1,Not Placed
1000966,80.2,1,77.5,86.7,1,3,Placed
1000967,57.6,0,66.1,57.4,1,1,Not Placed
1000968,62.4,1,70.6,69.9,3,1,Not Placed
1000969,81.0,1,93.7,79.9,0,2,Placed
1000970,85.8,1,87.7,83.3,0,1,Placed
1000971,85.7,0,86.5,87.8,0,1,Placed
1000972,71.3,0,81.5,70.4,1,1,Placed
1000973,74.7,0,87.2,79.0,2,1,Placed
1000974,68.2,0,76.8,70.4,0,1,Placed
1000975,73.8,0,78.2,76.3,1,1,Placed
1000976,82.4,1,81.9,90.3,2,2,Placed
1000977,80.7,0,87.0,86.3,1,2,Placed
1000978,55.9,0,59.6,64.6,0,2,Not Placed
1000979,76.7,0,93.5,95.6,1,2,Not Placed
1000980,72.6,0,84.2,73.1,2,2,Placed
1000981,71.5,0,77.8,79.2,1,4,Placed
1000982,92.5,0,96.6,98.0,0,1,Placed
1000983,87.4,0,96.5,98.0,2,1,Placed
1000984,68.3,1,68.5,72.6,5,1,Not Placed
1000985,81.3,1,91.3,87.5,0,1,Placed
1000986,72.9,0,84.6,81.4,0,2,Placed
1000987,74.7,0,85.3,76.1,0,1,Placed
1000988,78.4,0,82.8,78.6,1,1,Placed
1000989,77.4,1,81.2,86.9,3,3,Placed
1000990,62.9,0,71.9,72.6,1,1,Not Placed
1000991,87.3,1,95.4,98.0,1,1,Placed
1000992,85.1,0,90.2,75.9,0,3,Placed
1000993,85.9,0,83.2,90.2,3,1,Placed
1000994,54.3,0,63.6,65.7,0,4,Not Placed
1000995,82.4,1,86.8,85.7,0,2,Placed
1000996,70.1,1,73.5,66.7,4,3,Not Placed
1000997,73.3,0,89.2,75.2,0,3,Not Placed
1000998,80.5,1,78.9,83.6,0,3,Placed
1000999,56.2,0,72.1,65.5,0,3,Not Placed
1001000,63.3,0,70.8,70.4,2,1,Placed
1001001,86.0,1,98.0,85.6,2,1,Placed
1001002,50.4,1,50.5,54.0,0,1,Placed
1001003,67.7,0,72.9,67.2,0,1,Not Placed
1001004,73.1,0,85.9,72.2,1,1,Placed
1001005,91.0,0,98.0,96.6,0,3,Placed
1001006,52.7,0,56.1,57.8,2,1,Not Placed
1001007,57.6,0,65.2,72.0,0,3,Not Placed
1001008,63.3,0,66.9,69.8,0,1,Not Placed
1001009,67.6,0,72.5,72.9,0,1,Not Placed
1001010,93.2,0,95.9,95.2,2,2,Placed
1001011,78.0,0,83.1,81.2,1,2,Placed
1001012,45.3,0,51.2,50.0,1,2,Not Placed
1001013,68.0,0,73.0,73.7,3,1,Not Placed
1001014,68.7,1,78.0,71.8,0,1,Not Placed
1001015,80.9,1,93.5,85.0,5,2,Placed
1001016,72.4,1,85.0,78.0,1,2,Placed
1001017,74.2,1,77.0,82.7,0,2,Not Placed
1001018,89.2,0,96.0,88.2,0,1,Placed
1001019,80.1,0,87.0,77.9,3,1,Placed
1001020,64.6,0,74.0,59.9,2,1,Not Placed
1001021,83.7,1,90.8,94.8,1,1,Placed
1001022,70.2,0,85.9,80.0,1,3,Placed
1001023,70.7,0,76.3,68.7,2,1,Placed
1001024,65.5,0,79.2,68.3,2,1,Placed
1001025,68.5,0,77.2,73.3,5,1,Placed
1001026,66.8,1,83.9,71.1,4,2,Not Placed
1001027,70.0,0,72.2,71.4,0,1,Placed
1001028,71.8,0,78.1,87.6,0,1,Not Placed
1001029,53.5,0,58.9,61.9,1,2,Not Placed
1001030,48.2,1,55.5,52.0,1,2,Not Placed
1001031,69.7,0,76.9,80.2,1,5,Not Placed
1001032,68.9,0,70.2,71.3,2,2,Placed
1001033,70.5,0,82.7,79.3,1,1,Not Placed
1001034,60.4,0,77.0,60.8,0,1,Not Placed
1001035,81.7,0,91.4,82.6,0,1,Placed
1001036,80.9,0,85.3,85.4,1,1,Placed
1001037,75.7,0,74.7,82.3,0,2,Placed
1001038,77.9,1,85.2,85.4,0,1,Placed
1001039,69.3,0,74.5,76.8,1,1,Placed
1001040,69.4,0,72.3,67.0,0,2,Placed
1001041,55.9,1,66.5,63.6,0,1,Not Placed
1001042,60.3,0,64.4,61.5,0,4,Not Placed
1001043,66.5,0,73.1,76.3,0,1,Placed
1001044,85.7,0,87.8,87.2,0,1,Placed
1001045,73.5,0,75.5,82.5,0,1,Placed
1001046,68.1,0,74.4,73.3,0,1,Not Placed
1001047,68.2,0,81.4,68.7,3,1,Placed
1001048,68.6,0,80.4,69.2,1,1,Placed
1001049,68.0,0,78.0,79.6,0,1,Not Placed
1001050,78.5,1,92.6,88.5,0,1,Placed
1001051,86.2,0,96.4,84.3,3,2,Placed
1001052,56.8,0,73.7,68.1,0,1,Not Placed
1001053,77.9,1,79.8,90.0,1,2,Placed
1001054,79.1,0,98.0,70.6,0,1,Placed
1001055,76.1,0,82.2,85.1,1,3,Placed
1001056,78.0,0,86.1,85.9,1,2,Placed
1001057,77.5,0,82.1,86.6,1,1,Placed
1001058,65.7,0,71.2,72.1,0,1,Placed
1001059,45.0,0,50.0,50.0,3,2,Not Placed
1001060,58.8,0,66.7,62.4,0,3,Not Placed
1001061,55.2,0,62.6,65.7,2,2,Not Placed
1001062,89.0,0,95.3,93.9,0,2,Placed
1001063,80.5,0,87.8,78.9,5,2,Placed
1001064,71.6,0,77.0,77.4,0,1,Placed
1001065,85.9,0,92.4,92.1,0,1,Placed
1001066,68.3,0,84.0,68.9,0,1,Placed
1001067,75.2,0,74.0,86.9,0,1,Placed
1001068,78.3,1,72.9,87.8,0,1,Not Placed
1001069,77.1,0,81.0,83.0,1,1,Not Placed
1001070,83.0,0,94.5,81.9,2,4,Placed
1001071,98.0,0,98.0,98.0,0,1,Placed
1001072,72.7,0,72.6,79.6,0,1,Placed
1001073,71.5,1,81.4,83.8,2,1,Not Placed
1001074,62.1,1,66.4,65.1,0,5,Not Placed
1001075,62.9,1,72.8,61.3,0,3,Not Placed
1001076,68.2,1,68.2,67.7,0,1,Not Placed
1001077,93.6,0,98.0,93.9,1,3,Placed
1001078,79.9,1,93.3,82.2,4,1,Placed
1001079,93.8,0,98.0,98.0,4,3,Placed
1001080,67.1,0,67.2,68.5,0,1,Not Placed
1001081,60.9,0,70.1,62.6,1,4,Placed
1001082,73.7,0,81.3,83.4,0,1,Placed
1001083,81.3,1,87.7,87.7,0,4,Placed
1001084,57.0,0,66.1,53.2,0,5,Not Placed
1001085,63.7,0,70.5,71.0,0,2,Not Placed
1001086,58.6,0,72.4,69.5,0,1,Not Placed
1001087,70.2,0,76.2,75.4,0,2,Placed
1001088,80.8,1,90.0,92.9,1,1,Placed
1001089,75.4,0,88.7,80.0,1,2,Placed
1001090,59.2,0,75.5,61.7,0,1,Not Placed
1001091,86.4,1,89.1,98.0,0,2,Placed
1001092,88.9,0,98.0,97.9,0,1,Placed
1001093,76.0,0,75.4,79.0,0,1,Placed
1001094,79.9,1,85.8,80.1,0,1,Placed
1001095,78.2,0,84.9,85.0,0,1,Placed
1001096,73.0,0,89.0,82.1,2,1,Placed
1001097,69.7,0,88.3,76.1,0,2,Not Placed
1001098,70.0,0,72.1,69.5,1,3,Placed
1001099,81.9,0,95.9,86.9,0,2,Placed
1001100,66.9,0,78.5,66.4,0,1,Placed
1001101,80.2,0,87.2,92.2,1,2,Placed
1001102,52.3,0,57.6,50.0,0,1,Not Placed
1001103,92.1,1,98.0,90.6,0,2,Placed
1001104,92.3,1,88.7,87.5,0,1,Placed
1001105,54.2,0,57.9,62.0,0,2,Not Placed
1001106,71.9,1,74.3,76.0,0,2,Not Placed
1001107,66.8,1,76.7,65.9,0,2,Not Placed
1001108,71.0,1,78.4,85.4,0,1,Not Placed
1001109,61.8,0,70.2,69.2,0,2,Not Placed
1001110,65.8,1,78.6,71.0,2,1,Placed
1001111,51.3,0,56.2,60.8,1,1,Not Placed
1001112,73.1,0,87.1,78.0,0,2,Placed
1001113,84.4,0,94.4,92.7,0,1,Placed
1001114,62.0,0,67.2,65.5,0,5,Not Placed
1001115,52.5,1,61.4,53.4,1,1,Not Placed
1001116,72.3,0,76.9,71.1,0,1,Not Placed
1001117,77.4,0,81.8,76.8,0,1,Placed
1001118,75.3,0,93.5,82.4,2,1,Placed
1001119,66.4,1,70.1,67.0,1,1,Not Placed
1001120,80.8,0,85.2,91.1,1,1,Placed
1001121,56.6,0,65.9,58.4,3,1,Not Placed
1001122,66.0,0,82.6,71.2,0,1,Not Placed
1001123,58.4,0,67.7,63.4,1,3,Not Placed
1001124,69.0,0,75.4,71.9,1,2,Not Placed
1001125,83.6,0,82.4,93.1,0,5,Placed
1001126,84.1,0,85.5,81.8,0,1,Placed
1001127,64.0,0,85.3,69.5,3,1,Not Placed
1001128,66.8,0,77.8,72.8,0,1,Not Placed
1001129,78.4,0,81.1,83.2,0,1,Placed
1001130,73.3,0,93.2,79.9,0,2,Placed
1001131,84.0,0,85.4,95.6,3,1,Placed
1001132,58.5,1,59.0,56.5,0,1,Not Placed
1001133,97.1,0,98.0,98.0,0,1,Placed
1001134,68.6,1,76.6,77.6,0,4,Not Placed
1001135,50.7,0,62.2,59.6,1,2,Not Placed
1001136,82.4,0,98.0,91.8,3,1,Placed
1001137,80.8,0,95.2,86.1,0,2,Placed
1001138,73.3,0,79.1,79.8,1,1,Placed
1001139,58.5,0,59.7,60.8,0,2,Not Placed
1001140,63.6,0,72.8,60.8,0,1,Not Placed
1001141,60.8,0,72.6,63.7,2,4,Not Placed
1001142,52.4,0,63.2,57.5,0,1,Not Placed
1001143,70.9,0,84.1,77.5,0,1,Placed
1001144,72.4,0,79.1,85.0,1,1,Placed
1001145,79.2,0,85.2,83.1,0,1,Placed
1001146,82.5,0,97.2,91.2,1,1,Placed
1001147,87.1,0,97.8,91.3,2,2,Placed
1001148,64.8,0,67.3,70.5,0,5,Placed
1001149,49.4,0,57.6,58.7,1,1,Not Placed
1001150,56.6,0,59.5,75.2,0,1,Not Placed
1001151,71.2,1,78.1,75.6,0,3,Placed
1001152,56.9,0,69.3,52.2,1,1,Not Placed
1001153,70.2,1,84.8,70.5,0,3,Not Placed
1001154,65.2,0,74.8,66.0,0,1,Not Placed
1001155,80.2,0,85.9,85.0,0,2,Not Placed
1001156,88.0,0,96.4,92.7,1,4,Placed
1001157,69.8,1,74.5,71.7,3,3,Not Placed
1001158,45.0,0,55.0,50.0,0,3,Not Placed
1001159,72.1,0,68.6,78.6,2,2,Placed
1001160,61.5,0,72.8,56.3,2,1,Placed
1001161,67.6,0,69.7,82.6,0,1,Not Placed
1001162,85.0,0,93.2,96.0,2,1,Placed
1001163,49.3,1,53.5,52.1,2,1,Not Placed
1001164,72.5,0,84.0,67.6,0,2,Not Placed
1001165,66.7,0,85.1,69.5,3,1,Not Placed
1001166,93.3,0,93.9,98.0,0,2,Placed
1001167,92.1,0,98.0,87.0,1,1,Placed
1001168,72.2,0,83.0,68.3,0,1,Placed
1001169,59.0,0,61.4,63.9,1,1,Not Placed
1001170,73.9,0,85.2,83.0,1,2,Placed
1001171,69.7,0,79.3,76.1,0,1,Placed
1001172,80.3,1,86.0,84.3,0,1,Placed
1001173,67.8,0,75.7,72.4,0,1,Not Placed
1001174,84.7,0,97.5,91.9,0,2,Not Placed
1001175,76.8,0,88.0,82.3,0,2,Placed
1001176,95.8,0,98.0,98.0,4,1,Placed
1001177,74.0,1,84.2,69.0,3,3,Placed
1001178,74.2,0,78.0,81.6,3,1,Not Placed
1001179,68.6,0,75.8,82.2,0,4,Placed
1001180,62.7,1,77.5,67.7,1,1,Not Placed
1001181,60.6,0,68.3,75.1,3,1,Not Placed
1001182,64.5,1,67.6,62.9,0,2,Not Placed
1001183,80.4,1,90.9,82.5,0,1,Placed
1001184,84.3,0,98.0,89.1,0,1,Placed
1001185,70.9,0,89.3,77.3,0,2,Placed
1001186,76.3,1,75.2,80.5,4,2,Placed
1001187,62.7,0,74.2,75.1,2,1,Not Placed
1001188,98.0,0,98.0,98.0,3,3,Placed
1001189,73.1,0,79.7,75.8,1,3,Placed
1001190,64.8,0,74.9,66.1,0,1,Not Placed
1001191,78.2,0,90.5,72.9,0,2,Placed
1001192,87.7,1,98.0,94.1,0,1,Placed
1001193,82.7,0,87.7,82.2,2,2,Placed
1001194,92.7,0,98.0,98.0,5,1,Placed
1001195,57.3,0,71.3,63.0,2,1,Not Placed
1001196,78.9,0,88.9,88.1,0,1,Placed
1001197,67.9,0,77.0,71.9,1,1,Not Placed
1001198,56.3,0,62.6,77.7,2,2,Not Placed
1001199,78.5,0,90.6,78.2,0,3,Placed
